unit_id,question_id,replicate,status,budget_matched,token_ratio_B_over_A,A_reported_survivors,A_judge_validated,A_precision,A_mean_checklist_fraction,A_near_duplicate_rate,A_mean_card_chars,B_reported_survivors,B_judge_validated,B_precision,B_mean_checklist_fraction,B_near_duplicate_rate,B_mean_card_chars,difference_A_minus_B
Q1-r1,Q1,1,ARM_A_FAILED,,,,,,,,,,,,,,,
Q2-r1,Q2,1,COMPLETE,False,0.8331773905197908,8,4,0.5,0.9125,0.0,5721.375,6,1,0.16666666666666666,0.8333333333333334,0.0,3545.6666666666665,3
Q3-r1,Q3,1,ARM_A_FAILED,,,,,,,,,,,,,,,
Q1-r2,Q1,2,ARM_A_FAILED,,,,,,,,,,,,,,,
Q2-r2,Q2,2,COMPLETE,False,0.734698858737801,8,6,0.75,0.8875,0.0,5440.625,9,4,0.4444444444444444,0.8555555555555556,0.0,3383.6666666666665,2
Q3-r2,Q3,2,ARM_B_FAILED,False,1.3087580923796396,,,,,,,,,,,,,
Q1-r3,Q1,3,ARM_A_FAILED,,,,,,,,,,,,,,,
Q2-r3,Q2,3,COMPLETE,True,0.9115387732296025,10,6,0.6,0.9099999999999999,0.0,4951.4,7,2,0.2857142857142857,0.7428571428571429,0.0,3372.4285714285716,4
Q3-r3,Q3,3,ARM_A_FAILED,,,,,,,,,,,,,,,
